"Product name","Category","Why it may sell","Trend/popularity signal","Model/file page","Free or paid","License type","Can RJ Print sell physical prints?","Attribution requirements","Estimated print difficulty","Estimated print time range","Material suggestion","Suggested selling price range","Product photo or preview image link","Notes for customization"
"Basket","Desk organizer","Simple pencil/tool cup for offices, teachers, makeup, or remotes.","Desk organizers appeared in 2026 TikTok trend data; model is CC BY.","https://www.thingiverse.com/thing:7046341","Free","CC BY 4.0","Yes","Credit CatsCoffeeAI.","Easy","2-5 hr","PLA","$8-$18","https://resize.thingiverse.com/?url=https://cdn.thingiverse.com/assets/c0/e1/d0/1a/8e/20250520_171731.jpg&w=628&h=472&fit=contain&cbg=white&n=-1","Name plates, color sets, classroom bundles."
"Desk Organizer w/ TI-84 plus CE","Student/desk organizer","Holds calculator, SD cards, USB drives, and desk items.","School/desk organization is evergreen; model is CC BY.","https://www.thingiverse.com/thing:7069512","Free","CC BY 4.0","Yes","Credit PJosh.","Medium","4-8 hr","PLA/PETG","$18-$35","https://resize.thingiverse.com/?url=https://cdn.thingiverse.com/assets/f1/a1/db/05/58/IMG_7522.jpeg&w=628&h=472&fit=contain&cbg=white&n=-1","School colors, teacher names, student bundles."
"Plant Hanger","Plant accessory","Decorative wall plant display for small pots.","Thingiverse snapshot showed 63 collects; plant decor is strong locally.","https://www.thingiverse.com/thing:7040075","Free","CC BY-SA 4.0","Yes","Credit Rabbit_3D; ShareAlike for remixes.","Medium","3-7 hr","PETG","$14-$28","https://resize.thingiverse.com/?url=https://cdn.thingiverse.com/assets/3f/68/75/37/f2/Screenshot_2025-05-08_164933.png&w=628&h=472&fit=contain&cbg=white&n=-1","Matched pairs, pot-size bundles, earthy colors."
"Everything Caddy","Entryway wall caddy","Stores keys, glasses, wallet, pens, and daily carry items.","Thingiverse snapshot showed 35 collects; wall caddies sell as home organization.","https://www.thingiverse.com/thing:7037755","Free","CC BY-SA 4.0","Yes","Credit BC-3D; ShareAlike for remixes.","Medium","4-9 hr","PETG/PLA+","$22-$45","https://resize.thingiverse.com/?url=https://cdn.thingiverse.com/assets/46/a6/6e/e8/22/img_1.jpg&w=628&h=472&fit=contain&cbg=white&n=-1","Family names, apartment numbers, hook colors."
"Workshop Wall Pocket","Garage/tool organizer","Organizes calipers, scissors, rulers, label makers, and hobby tools.","Craft/tool organizers appeared in 2026 trend data.","https://www.thingiverse.com/thing:7061387","Free","CC BY-SA 4.0","Yes","Credit BC-3D; ShareAlike for remixes.","Medium","5-10 hr","PETG","$24-$50","https://resize.thingiverse.com/?url=https://cdn.thingiverse.com/assets/8c/2c/0d/18/60/new.jpg&w=628&h=472&fit=contain&cbg=white&n=-1","Tool labels, garage bundles, screw kit."
"Grill Utensil Hook","BBQ/kitchen hook","Seasonal product for spatulas, tongs, and outdoor cooking setups.","Summer/Father's Day demand; model is CC BY-SA.","https://www.thingiverse.com/thing:7006762","Free","CC BY-SA 4.0","Yes","Credit IPenrod; ShareAlike for remixes.","Medium","2-5 hr","PETG/ASA","$10-$20 each","https://resize.thingiverse.com/?url=https://cdn.thingiverse.com/assets/c7/8c/02/f5/37/20250410_221115.jpg&w=628&h=472&fit=contain&cbg=white&n=-1","3-hook bundles, outdoor-safe material upgrade."
"SD Card Holder","Camera/desk accessory","Cheap, useful add-on for photographers, makers, and teachers.","Many SD storage variants appear in model searches; model is CC BY.","https://www.thingiverse.com/thing:7050168","Free","CC BY 4.0","Yes","Credit Graystone.","Easy","30 min-1.5 hr","PLA","$4-$10","https://resize.thingiverse.com/?url=https://cdn.thingiverse.com/assets/dd/dc/6c/ef/b7/IMG_4511.jpg&w=628&h=472&fit=contain&cbg=white&n=-1","Slot-count variants, checkout add-on."
"Phone Stand for Long USB Connectors","Desk accessory","Evergreen phone stand with charging cable clearance.","Etsy has many 3D printed phone stand/desk accessory listings.","https://www.thingiverse.com/thing:7006609","Free","CC BY-SA 4.0","Yes","Credit KaerNell; ShareAlike for remixes.","Easy","1.5-3 hr","PLA","$8-$18","https://cdn.thingiverse.com/site/img/ThingiverseOpenGraph.webp","Initials, color pairs, cable-holder bundle."
"Cable Holder for IT and Multimedia Cables","Cable management","Useful for desks, streamers, labs, and repair benches.","Reddit had recent 2026 cable organizer discussion; model is CC BY-SA.","https://www.thingiverse.com/thing:7040430","Free","CC BY-SA 4.0","Yes","Credit hapo71; ShareAlike for remixes.","Easy","1-2.5 hr","PLA/PETG","$6-$14","https://resize.thingiverse.com/?url=https://cdn.thingiverse.com/assets/60/23/e3/07/3d/Cable_Holder.jpg&w=628&h=472&fit=contain&cbg=white&n=-1","3-packs, color by cable type."
"Bathroom Organizer Lid","Bathroom organizer","Converts a dish into covered storage.","Bathroom storage is a stable home organization category.","https://www.thingiverse.com/thing:7047053","Free","CC BY-SA 4.0","Yes","Credit RobotAnna; ShareAlike for remixes.","Easy","1-3 hr","PLA/PETG","$6-$15","https://resize.thingiverse.com/?url=https://cdn.thingiverse.com/assets/bb/23/f5/82/91/IMG_7619.JPEG&w=628&h=472&fit=contain&cbg=white&n=-1","Size variants, vanity color sets."
"Toothbrush Holder","Bathroom organizer","Small, bundle-friendly bathroom accessory.","Toothpaste/bath accessories appeared in 2026 trend data.","https://www.thingiverse.com/thing:7001134","Free","CC BY-SA 4.0","Yes","Credit RomanTor86; ShareAlike for remixes.","Easy","1-3 hr","PETG","$6-$14","https://resize.thingiverse.com/?url=https://cdn.thingiverse.com/assets/f7/a9/ec/fd/6e/IMG_20250405_112301.jpg&w=628&h=472&fit=contain&cbg=white&n=-1","Family colors, initials."
"Tool Cady for 3D Print Tools","Tool organizer","Great for makers and as a shop display product.","Craft tool organizers showed strong 2026 TikTok trend signal.","https://www.thingiverse.com/thing:7033905","Free","CC BY-SA 4.0","Yes","Credit Vunoo; ShareAlike for remixes.","Medium","5-9 hr","PLA/PETG","$25-$45","https://resize.thingiverse.com/?url=https://cdn.thingiverse.com/assets/8d/e3/2e/87/60/20250510_163149.jpg&w=628&h=472&fit=contain&cbg=white&n=-1","Versions for Cricut tools, paint brushes, printer tools."
"Open Storage Box","Storage box","General-purpose bin; easy to sell as multi-packs.","Storage boxes and bins are high-volume organization products.","https://www.thingiverse.com/thing:7063493","Free","CC BY-SA 4.0","Yes","Credit hugal1169; ShareAlike for remixes.","Easy","1.5-3 hr","PLA/PETG","$5-$12 each","https://resize.thingiverse.com/?url=https://cdn.thingiverse.com/assets/36/17/3b/f9/f5/boite4.png&w=628&h=472&fit=contain&cbg=white&n=-1","Scale sizes, labels, hardware-bin packs."
"Car Cup Holder Divider with Smart Phone Slot","Car accessory","Solves cup-holder and phone clutter.","Etsy and Reddit show active demand for car cup-holder adapters; Thingiverse showed 246 collects.","https://www.thingiverse.com/thing:630490","Free","CC BY 4.0","Yes","Credit muzz64.","Easy","2-4 hr","PETG/ASA","$12-$25","https://resize.thingiverse.com/?url=https://cdn.thingiverse.com/assets/fc/eb/7f/21/af/cup_holder.jpg&w=628&h=472&fit=contain&cbg=white&n=-1","Fit checks, heat-safe material upgrade."
"2000 Hilux Cup Holder","Car replacement part","Vehicle-specific replacement parts can command higher prices.","Car cup-holder products have active Etsy/Reddit demand.","https://www.thingiverse.com/thing:7050683","Free","CC BY-SA 4.0","Yes, with caution","Credit scull99; avoid logos and official-affiliation wording.","Medium","4-8 hr","PETG/ASA","$25-$55","https://resize.thingiverse.com/?url=https://cdn.thingiverse.com/assets/0b/00/11/9d/d8/Front_cup_Hilux.png&w=628&h=472&fit=contain&cbg=white&n=-1","Use compatibility phrasing; verify fitment."
"Can Koozie","Koozie/can holder","Seasonal, event-friendly impulse product.","Thingiverse snapshot showed 38 collects; drink holders have Etsy demand.","https://www.thingiverse.com/thing:6793841","Free","CC BY-SA 4.0","Yes","Credit SRB01; ShareAlike for remixes.","Easy-Medium","3-6 hr","PLA/PETG","$12-$24","https://resize.thingiverse.com/?url=https://cdn.thingiverse.com/assets/72/83/bd/7a/58/IMG_7026.jpg&w=628&h=472&fit=contain&cbg=white&n=-1","Wedding colors, initials, party packs."
"Water Drop Lamp","Lamp/LED decor","Higher-ticket gift and craft-fair display item.","Lamps and LED items remain common maker-market products.","https://www.thingiverse.com/thing:3337665","Free","CC BY 4.0","Yes","Credit seriouseng.","Hard","8-18 hr","Translucent PLA/PETG","$45-$95","https://resize.thingiverse.com/?url=https://cdn.thingiverse.com/assets/10/d0/34/cf/58/2019-01-06_10.52.52.jpg&w=628&h=472&fit=contain&cbg=white&n=-1","Use safe off-the-shelf light parts; avoid unsafe wiring."
"LED Strip Lamp","Lamp/LED item","Good premium product for showing print quality.","LED products are attention grabbers at markets.","https://www.thingiverse.com/thing:7030659","Free","CC BY-SA 4.0","Yes","Credit marenello; ShareAlike for remixes.","Hard","6-14 hr","PETG/PLA","$35-$85","https://resize.thingiverse.com/?url=https://cdn.thingiverse.com/assets/52/ff/9e/06/ab/3d.png&w=628&h=472&fit=contain&cbg=white&n=-1","Warm/cool LEDs, safe power supply sourcing."
"Customizable Keychain","Personalized gift","Low-cost event favor and local-business add-on.","Keychains are common Etsy add-ons; model is CC BY-SA.","https://www.thingiverse.com/thing:7040424","Free","CC BY-SA 4.0","Yes","Credit CJensen167; ShareAlike for remixes.","Easy","15-45 min","PLA","$3-$8","https://cdn.thingiverse.com/site/img/ThingiverseOpenGraph.webp","Names, dates, QR codes, customer-owned logos only."
"EV Charging RFID Keychain Card Spacers","EV/car accessory","EV owners often juggle multiple charging cards.","EV accessories are a growing niche; model is CC0.","https://www.thingiverse.com/thing:7086164","Free","CC0","Yes","None required, source credit is courteous.","Easy","30 min-1 hr","PETG","$4-$10","https://resize.thingiverse.com/?url=https://cdn.thingiverse.com/assets/4b/6e/ce/0d/9d/IMG_9236.jpg&w=628&h=472&fit=contain&cbg=white&n=-1","Local EV-network variants, 3-packs."
"Spinny Flower","Fidget/toy/gift","Safe non-character fidget with flower/decor angle.","Fidget toys showed 2026 TikTok/retail trend signals.","https://www.thingiverse.com/thing:6969246","Free","CC BY 4.0","Yes","Credit JLBminty.","Medium","1.5-4 hr","PLA","$6-$15","https://resize.thingiverse.com/?url=https://cdn.thingiverse.com/assets/1c/24/de/e6/0d/PXL_20250305_195430408.jpg&w=628&h=472&fit=contain&cbg=white&n=-1","Seasonal colors, teacher prize packs, party favors."
"USB-SD Cards-Pen Holder","Desk/tech organizer","Hybrid pen cup plus USB/SD storage.","Thingiverse snapshot showed 16 collects; tech organizers are practical gifts.","https://www.thingiverse.com/thing:7051458","Free","CC BY-SA 4.0","Yes, verify remix chain","Credit Mughi_Jolly and upstream source if required.","Medium","3-7 hr","PLA","$15-$30","https://resize.thingiverse.com/?url=https://cdn.thingiverse.com/assets/8e/01/aa/0e/52/Immagine_2025-05-22_102840.png&w=628&h=472&fit=contain&cbg=white&n=-1","Photographer, teacher, or maker versions."
"Desk Organizer/Pen Holder","Desk organizer","Broad organizer with sticky-note bay and optional TPU feet.","Desk organizers are a strong 2026 trend signal.","https://www.thingiverse.com/thing:7046227","Free","CC BY-SA 4.0","Yes","Credit GenericNub; ShareAlike for remixes.","Easy-Medium","3-6 hr","PLA + TPU feet","$14-$28","https://resize.thingiverse.com/?url=https://cdn.thingiverse.com/assets/7f/a0/8c/d5/67/20250520_163522.jpg&w=628&h=472&fit=contain&cbg=white&n=-1","Office colorways, sticky-note bundle."
"Audio Cable Holder","Cable accessory","Niche product for musicians and audio setups.","Cable management is active in maker communities.","https://www.thingiverse.com/thing:7047830","Free","CC BY-SA 4.0","Yes","Credit JANGER; ShareAlike for remixes.","Easy","1-2 hr","PLA/PETG","$8-$16 pair","https://resize.thingiverse.com/?url=https://cdn.thingiverse.com/assets/2b/2d/be/55/ac/IMG_0385.jpg&w=628&h=472&fit=contain&cbg=white&n=-1","Sell pairs/quads, black/white/wood-look colors."
"Gridfinity End Mill Holder","Garage/tool organizer","Tool-specific organizer for CNC hobbyists and makers.","Gridfinity derivatives remain popular with makers.","https://www.thingiverse.com/thing:7052050","Free","CC BY-SA 4.0","Yes, verify ecosystem attribution","Credit michaelshewitt and upstream source if listed.","Easy","1-2 hr","PLA/PETG","$7-$15","https://resize.thingiverse.com/?url=https://cdn.thingiverse.com/assets/e3/92/30/83/91/Gridfinity_3822_end_mills.png&w=628&h=472&fit=contain&cbg=white&n=-1","Expand to bits, collets, sockets, drill sets."
